<?xml version="1.0" encoding="utf-8"?>
<!--
- phpMyAdmin XML Dump
- version 5.1.1
- https://www.phpmyadmin.net
-
- Host: 127.0.0.1:3306
- Generation Time: May 05, 2022 at 03:04 PM
- Server version: 5.7.36
- PHP Version: 7.4.26
-->

<pma_xml_export version="1.0" xmlns:pma="https://www.phpmyadmin.net/some_doc_url/">
    <!--
    - Structure schemas
    -->
    <pma:structure_schemas>
        <pma:database name="osc" collation="latin1_swedish_ci" charset="latin1">
            <pma:table name="admin">
                CREATE TABLE `admin` (
                  `id` int(10) NOT NULL AUTO_INCREMENT,
                  `fname` varchar(100) NOT NULL,
                  `mname` varchar(100) NOT NULL,
                  `lname` varchar(100) NOT NULL,
                  `dateofbirth` date NOT NULL,
                  `gender` varchar(8) NOT NULL,
                  `mo1` bigint(13) NOT NULL,
                  `password` varchar(20) NOT NULL,
                  `email` varchar(70) NOT NULL,
                  `address` varchar(250) NOT NULL,
                  `country` varchar(50) NOT NULL,
                  `state` varchar(50) NOT NULL,
                  `city` varchar(50) NOT NULL,
                  `pincode` int(25) NOT NULL,
                  `image` varchar(50) DEFAULT NULL,
                  PRIMARY KEY (`id`),
                  UNIQUE KEY `mo1` (`mo1`),
                  UNIQUE KEY `email` (`email`),
                  UNIQUE KEY `images` (`image`)
                ) ENGINE=MyISAM AUTO_INCREMENT=2 DEFAULT CHARSET=latin1;
            </pma:table>
            <pma:table name="analysis">
                CREATE TABLE `analysis` (
                  `id` int(20) NOT NULL AUTO_INCREMENT,
                  `pname` varchar(200) NOT NULL,
                  `price` int(20) NOT NULL,
                  `image` varchar(200) NOT NULL,
                  `customer` varchar(200) NOT NULL,
                  `date` date NOT NULL,
                  `time` varchar(100) NOT NULL,
                  PRIMARY KEY (`id`)
                ) ENGINE=MyISAM AUTO_INCREMENT=43 DEFAULT CHARSET=latin1;
            </pma:table>
            <pma:table name="login">
                CREATE TABLE `login` (
                  `id` int(30) NOT NULL AUTO_INCREMENT,
                  `fname` varchar(20) NOT NULL,
                  `mname` varchar(20) NOT NULL,
                  `lname` varchar(20) NOT NULL,
                  `birthdate` date NOT NULL,
                  `gender` varchar(7) NOT NULL,
                  `mo1` bigint(13) NOT NULL,
                  `password` varchar(25) NOT NULL,
                  `email` varchar(40) NOT NULL,
                  `address` varchar(100) NOT NULL,
                  `country` varchar(10) NOT NULL,
                  `state` varchar(10) NOT NULL,
                  `city` varchar(10) NOT NULL,
                  `pincode` int(20) NOT NULL,
                  `image` varchar(50) DEFAULT NULL,
                  `status` int(2) NOT NULL DEFAULT '1',
                  PRIMARY KEY (`id`),
                  UNIQUE KEY `email` (`email`),
                  UNIQUE KEY `mo1` (`mo1`),
                  UNIQUE KEY `image` (`image`)
                ) ENGINE=MyISAM AUTO_INCREMENT=104 DEFAULT CHARSET=latin1;
            </pma:table>
            <pma:table name="product">
                CREATE TABLE `product` (
                  `id` int(10) NOT NULL AUTO_INCREMENT,
                  `pname` varchar(50) NOT NULL,
                  `price` int(30) NOT NULL,
                  `quantity` int(20) NOT NULL,
                  `detail` varchar(300) NOT NULL,
                  `imgurl` varchar(100) NOT NULL,
                  `status` int(2) NOT NULL DEFAULT '1',
                  PRIMARY KEY (`id`)
                ) ENGINE=MyISAM AUTO_INCREMENT=49 DEFAULT CHARSET=latin1;
            </pma:table>
            <pma:table name="seller">
                CREATE TABLE `seller` (
                  `id` int(30) NOT NULL AUTO_INCREMENT,
                  `fname` varchar(20) NOT NULL,
                  `mname` varchar(20) NOT NULL,
                  `lname` varchar(20) NOT NULL,
                  `birthdate` date NOT NULL,
                  `gender` varchar(7) NOT NULL,
                  `mo1` bigint(13) NOT NULL,
                  `password` varchar(25) NOT NULL,
                  `email` varchar(40) NOT NULL,
                  `address` varchar(100) NOT NULL,
                  `country` varchar(10) NOT NULL,
                  `state` varchar(10) NOT NULL,
                  `city` varchar(10) NOT NULL,
                  `pincode` int(20) NOT NULL,
                  `image` varchar(50) NOT NULL,
                  `status` int(2) NOT NULL DEFAULT '1',
                  PRIMARY KEY (`id`),
                  UNIQUE KEY `email` (`email`),
                  UNIQUE KEY `mo1` (`mo1`)
                ) ENGINE=MyISAM AUTO_INCREMENT=7 DEFAULT CHARSET=latin1;
            </pma:table>
        </pma:database>
    </pma:structure_schemas>

    <!--
    - Database: 'osc'
    -->
    <database name="osc">
        <!-- Table admin -->
        <table name="admin">
            <column name="id">1</column>
            <column name="fname">HARSH</column>
            <column name="mname">HASMUKHBHAI</column>
            <column name="lname">JOLAPARA</column>
            <column name="dateofbirth">2022-03-02</column>
            <column name="gender">MALE</column>
            <column name="mo1">8128203856</column>
            <column name="password">harsh@1703</column>
            <column name="email">harshj0107@gmail.com</column>
            <column name="address">XYZABCDEFGHI</column>
            <column name="country">INDIA</column>
            <column name="state">GUJRAT</column>
            <column name="city">RAJKOT</column>
            <column name="pincode">360004</column>
            <column name="image">7219-Z-d-Deadpool_1989.jpeg</column>
        </table>
        <!-- Table analysis -->
        <table name="analysis">
            <column name="id">6</column>
            <column name="pname">MIPOWER BANK 20000Mah</column>
            <column name="price">1800</column>
            <column name="image">4402-W-u-71lVwl3q-kL._SX679_.jpg</column>
            <column name="customer">DARSHANBHAI GOHEL</column>
            <column name="date">2022-05-03</column>
            <column name="time">10:09:02am</column>
        </table>
        <table name="analysis">
            <column name="id">5</column>
            <column name="pname">OBAGE MT-600 SPEAKER</column>
            <column name="price">4500</column>
            <column name="image">5174-Z-i-71re+OcIBBL._SX522_.jpg</column>
            <column name="customer">HARSH JOLAPARA</column>
            <column name="date">2022-05-03</column>
            <column name="time">10:09:02am</column>
        </table>
        <table name="analysis">
            <column name="id">8</column>
            <column name="pname">MI WIRELESS HEADPHONES</column>
            <column name="price">1600</column>
            <column name="image">3318-P-z-71s9FMKzr+L._SX522_.jpg</column>
            <column name="customer">HARSH JOLAPARA</column>
            <column name="date">2022-05-03</column>
            <column name="time">10:09:02am</column>
        </table>
        <table name="analysis">
            <column name="id">9</column>
            <column name="pname">OPPO A15S</column>
            <column name="price">11000</column>
            <column name="image">2379-Z-o-71zbz1O+hqL._SX679_.jpg</column>
            <column name="customer">HARSH JOLAPARA</column>
            <column name="date">2022-05-03</column>
            <column name="time">10:09:02am</column>
        </table>
        <table name="analysis">
            <column name="id">10</column>
            <column name="pname">OPPO A15S</column>
            <column name="price">11000</column>
            <column name="image">2379-Z-o-71zbz1O+hqL._SX679_.jpg</column>
            <column name="customer">HARSH JOLAPARA</column>
            <column name="date">2022-05-03</column>
            <column name="time">10:09:02am</column>
        </table>
        <table name="analysis">
            <column name="id">42</column>
            <column name="pname">boAt airpodes</column>
            <column name="price">1400</column>
            <column name="image">5587-D-q-315sZxguX0L.jpg</column>
            <column name="customer">HARSH JOLAPARA</column>
            <column name="date">2022-05-05</column>
            <column name="time">04:56:12pm</column>
        </table>
        <table name="analysis">
            <column name="id">12</column>
            <column name="pname">Redmi Note 11</column>
            <column name="price">14000</column>
            <column name="image">5153-C-g-81zLNgcvlaL._SX679_.jpg</column>
            <column name="customer">HARSH JOLAPARA</column>
            <column name="date">2022-05-03</column>
            <column name="time">10:09:02am</column>
        </table>
        <table name="analysis">
            <column name="id">17</column>
            <column name="pname">Redmi Note 11</column>
            <column name="price">14000</column>
            <column name="image">5153-C-g-81zLNgcvlaL._SX679_.jpg</column>
            <column name="customer">HARSH JOLAPARA</column>
            <column name="date">2022-05-02</column>
            <column name="time">10:09:02am</column>
        </table>
        <table name="analysis">
            <column name="id">18</column>
            <column name="pname">ARDUINO</column>
            <column name="price">600</column>
            <column name="image">2723-R-u-61vLP87u0sL._SX522_.jpg</column>
            <column name="customer">HARSH JOLAPARA</column>
            <column name="date">2022-05-02</column>
            <column name="time">10:09:02am</column>
        </table>
        <table name="analysis">
            <column name="id">19</column>
            <column name="pname">Redmi Note 11</column>
            <column name="price">14000</column>
            <column name="image">5153-C-g-81zLNgcvlaL._SX679_.jpg</column>
            <column name="customer">HARSH JOLAPARA</column>
            <column name="date">2022-05-03</column>
            <column name="time">10:09:02am</column>
        </table>
        <table name="analysis">
            <column name="id">20</column>
            <column name="pname">Fastrack Reflex 3.0 WATCH</column>
            <column name="price">1900</column>
            <column name="image">9172-Q-t-61u2Rr7tBRL._UX522_.jpg</column>
            <column name="customer">HARSH JOLAPARA</column>
            <column name="date">2022-05-04</column>
            <column name="time">10:09:02am</column>
        </table>
        <table name="analysis">
            <column name="id">21</column>
            <column name="pname">Fastrack Reflex 3.0 WATCH</column>
            <column name="price">1900</column>
            <column name="image">9172-Q-t-61u2Rr7tBRL._UX522_.jpg</column>
            <column name="customer">HARSH JOLAPARA</column>
            <column name="date">2022-05-04</column>
            <column name="time">10:09:02am</column>
        </table>
        <table name="analysis">
            <column name="id">23</column>
            <column name="pname">Amzon Alexa</column>
            <column name="price">2000</column>
            <column name="image">2133-I-b-61+QNG8IiPL._SX679_.jpg</column>
            <column name="customer">HARSH JOLAPARA</column>
            <column name="date">2022-05-04</column>
            <column name="time">10:09:02am</column>
        </table>
        <table name="analysis">
            <column name="id">25</column>
            <column name="pname">boAt airpodes</column>
            <column name="price">1400</column>
            <column name="image">5587-D-q-315sZxguX0L.jpg</column>
            <column name="customer">HARSH JOLAPARA</column>
            <column name="date">2022-05-04</column>
            <column name="time">11:16:58am</column>
        </table>
        <table name="analysis">
            <column name="id">24</column>
            <column name="pname">Amzon Alexa</column>
            <column name="price">2000</column>
            <column name="image">2133-I-b-61+QNG8IiPL._SX679_.jpg</column>
            <column name="customer">vatsal ramani</column>
            <column name="date">2022-05-04</column>
            <column name="time">10:12:53am</column>
        </table>
        <!-- Table login -->
        <table name="login">
            <column name="id">45</column>
            <column name="fname">harsh</column>
            <column name="mname">hasmukhbhai</column>
            <column name="lname">JOLAPARA</column>
            <column name="birthdate">2021-01-01</column>
            <column name="gender">MALE</column>
            <column name="mo1">9426638056</column>
            <column name="password">harsh@1703</column>
            <column name="email">hsssjolapara@gmail.com</column>
            <column name="address">kadiyanagar block no. 4</column>
            <column name="country">India</column>
            <column name="state">gujrat</column>
            <column name="city">rajkot</column>
            <column name="pincode">360004</column>
            <column name="image">40.jpeg</column>
            <column name="status">1</column>
        </table>
        <table name="login">
            <column name="id">66</column>
            <column name="fname">HARSH</column>
            <column name="mname">HASMUKHBHAI</column>
            <column name="lname">JOLAPARA</column>
            <column name="birthdate">2021-01-01</column>
            <column name="gender">MALE</column>
            <column name="mo1">9427965269</column>
            <column name="password">harsh@1703</column>
            <column name="email">harshj0107@gmail.com</column>
            <column name="address">near ankur vidhyalaya</column>
            <column name="country">india</column>
            <column name="state">gujrat</column>
            <column name="city">rajkot</column>
            <column name="pincode">360004</column>
            <column name="image">6.jpeg</column>
            <column name="status">1</column>
        </table>
        <table name="login">
            <column name="id">68</column>
            <column name="fname">PRAYAG</column>
            <column name="mname">D.</column>
            <column name="lname">SHETH</column>
            <column name="birthdate">2021-01-01</column>
            <column name="gender">MALE</column>
            <column name="mo1">4646464664</column>
            <column name="password">prayag@12</column>
            <column name="email">developer404.sp@gmail.com</column>
            <column name="address">rajkot                       </column>
            <column name="country">india</column>
            <column name="state">gujrat</column>
            <column name="city">rajkot</column>
            <column name="pincode">360004</column>
            <column name="image">1.png</column>
            <column name="status">1</column>
        </table>
        <table name="login">
            <column name="id">69</column>
            <column name="fname">harsh</column>
            <column name="mname">h.</column>
            <column name="lname">jolapara</column>
            <column name="birthdate">2021-01-01</column>
            <column name="gender">MALE</column>
            <column name="mo1">8888888888</column>
            <column name="password">harsh@1703</column>
            <column name="email">tapan123@gmail.com</column>
            <column name="address">--------------                       </column>
            <column name="country">------</column>
            <column name="state">--------</column>
            <column name="city">---------</column>
            <column name="pincode">46646464</column>
            <column name="image">9.jpeg</column>
            <column name="status">0</column>
        </table>
        <table name="login">
            <column name="id">74</column>
            <column name="fname">KASHYAP</column>
            <column name="mname">P</column>
            <column name="lname">PATHAK</column>
            <column name="birthdate">2021-01-01</column>
            <column name="gender">MALE</column>
            <column name="mo1">2222222222</column>
            <column name="password">kashyap@1234</column>
            <column name="email">kashyap1234@gmail.com</column>
            <column name="address">bhaktinagar                       </column>
            <column name="country">india</column>
            <column name="state">gujrat</column>
            <column name="city">rajkot</column>
            <column name="pincode">11111111</column>
            <column name="image">13.jpeg</column>
            <column name="status">0</column>
        </table>
        <table name="login">
            <column name="id">103</column>
            <column name="fname">DARSHANBHAI</column>
            <column name="mname">D</column>
            <column name="lname">GOHEL</column>
            <column name="birthdate">2021-01-01</column>
            <column name="gender">MALE</column>
            <column name="mo1">1234567889</column>
            <column name="password">darshan@123</column>
            <column name="email">darshangohel311@gmail.com</column>
            <column name="address">address</column>
            <column name="country">india</column>
            <column name="state">gujrat</column>
            <column name="city">rajkot</column>
            <column name="pincode">123456</column>
            <column name="image">61.jpeg</column>
            <column name="status">1</column>
        </table>
        <table name="login">
            <column name="id">101</column>
            <column name="fname">harsh</column>
            <column name="mname">hasmukhbhai</column>
            <column name="lname">JOLAPARA</column>
            <column name="birthdate">2021-01-01</column>
            <column name="gender">MALE</column>
            <column name="mo1">7895556870</column>
            <column name="password">harsh@1703</column>
            <column name="email">hhj49@gmail.com</column>
            <column name="address">address</column>
            <column name="country">India</column>
            <column name="state">gujrat</column>
            <column name="city">rajkot</column>
            <column name="pincode">360004</column>
            <column name="image">62.jpeg</column>
            <column name="status">0</column>
        </table>
        <!-- Table product -->
        <table name="product">
            <column name="id">26</column>
            <column name="pname">Redmi Note 11</column>
            <column name="price">14000</column>
            <column name="quantity">17</column>
            <column name="detail">Redmi Note 11 (Horizon Blue, 4GB RAM, 64GB Storage) | 90Hz FHD+ AMOLED Display | QualcommÂ® Snapdragonâ„¢ 680-6nm | Alexa Built-in</column>
            <column name="imgurl">5153-C-g-81zLNgcvlaL._SX679_.jpg</column>
            <column name="status">1</column>
        </table>
        <table name="product">
            <column name="id">46</column>
            <column name="pname">boAt airpodes</column>
            <column name="price">1400</column>
            <column name="quantity">14</column>
            <column name="detail">(Renewed) boAt Airdopes 381 N TWS Earbuds with IWP Technology, ASAP Charge &amp; Upto 20H Playback (Teal Blue)</column>
            <column name="imgurl">5587-D-q-315sZxguX0L.jpg</column>
            <column name="status">1</column>
        </table>
        <table name="product">
            <column name="id">24</column>
            <column name="pname">OBAGE MT-600 SPEAKER</column>
            <column name="price">4500</column>
            <column name="quantity">2</column>
            <column name="detail">OBAGE MT-600 Woody 35 Watt 2.1 Channel Wireless Bluetooth Tower Speaker (Brown)</column>
            <column name="imgurl">5174-Z-i-71re+OcIBBL._SX522_.jpg</column>
            <column name="status">1</column>
        </table>
        <table name="product">
            <column name="id">17</column>
            <column name="pname">OPPO A15S</column>
            <column name="price">11000</column>
            <column name="quantity">7</column>
            <column name="detail">OPPO A15s (Rainbow Silver, 4GB RAM, 64GB Storage) With No Cost EMI/Additional Exchange Offers</column>
            <column name="imgurl">2379-Z-o-71zbz1O+hqL._SX679_.jpg</column>
            <column name="status">1</column>
        </table>
        <table name="product">
            <column name="id">18</column>
            <column name="pname">MIPOWER BANK 20000Mah</column>
            <column name="price">1800</column>
            <column name="quantity">4</column>
            <column name="detail">Mi Power Bank 3i 20000mAh | 18W Fast PD Charging | Input- Type C and Micro USB| Triple Output | Sandstone Black</column>
            <column name="imgurl">4402-W-u-71lVwl3q-kL._SX679_.jpg</column>
            <column name="status">1</column>
        </table>
        <table name="product">
            <column name="id">19</column>
            <column name="pname">MI WIRELESS HEADPHONES</column>
            <column name="price">1600</column>
            <column name="quantity">8</column>
            <column name="detail">MI Super Bass Bluetooth Wireless On Ear Headphones with Mic (Black and Red)</column>
            <column name="imgurl">3318-P-z-71s9FMKzr+L._SX522_.jpg</column>
            <column name="status">1</column>
        </table>
        <table name="product">
            <column name="id">20</column>
            <column name="pname">Fastrack Reflex 3.0 WATCH</column>
            <column name="price">1900</column>
            <column name="quantity">10</column>
            <column name="detail">Fastrack Reflex 3.0 Unisex Activity Tracker - Full Touch, Color Display, Heart Rate Monitor, Dual- Tone Silicone Strap and up to 10 Days Battery Life</column>
            <column name="imgurl">9172-Q-t-61u2Rr7tBRL._UX522_.jpg</column>
            <column name="status">1</column>
        </table>
        <table name="product">
            <column name="id">21</column>
            <column name="pname">QUICK HEAL TOTAL SECURITY</column>
            <column name="price">1100</column>
            <column name="quantity">7</column>
            <column name="detail">Quick Heal | Total Security | 1 User | 1 Year | Email Delivery in 2 hours - no CD</column>
            <column name="imgurl">5628-Z-f-619ZtwshdqL._SX679_.jpg</column>
            <column name="status">1</column>
        </table>
        <table name="product">
            <column name="id">22</column>
            <column name="pname">ARDUINO</column>
            <column name="price">600</column>
            <column name="quantity">10</column>
            <column name="detail">Sparklebox Programmable Microcontroller with USB wire| Arduino Uno with USB Cable| Uno Board with ATmega328 chip</column>
            <column name="imgurl">2723-R-u-61vLP87u0sL._SX522_.jpg</column>
            <column name="status">0</column>
        </table>
        <table name="product">
            <column name="id">45</column>
            <column name="pname">Amzon Alexa</column>
            <column name="price">2000</column>
            <column name="quantity">7</column>
            <column name="detail">Echo Dot (3rd Gen), Certified Refurbished, Black â€“ Improved smart speaker with Alexa â€“ Like new, backed with 1-year warranty</column>
            <column name="imgurl">2133-I-b-61+QNG8IiPL._SX679_.jpg</column>
            <column name="status">1</column>
        </table>
        <table name="product">
            <column name="id">48</column>
            <column name="pname">ONE PLUS TV</column>
            <column name="price">16000</column>
            <column name="quantity">10</column>
            <column name="detail">OnePlus 80 cm (32 inches) Y Series HD Ready LED Smart Android TV 32Y1 (Black) (2020 Model)</column>
            <column name="imgurl">6009-E-d-71vZypjNkPS._SX522_.jpg</column>
            <column name="status">1</column>
        </table>
        <table name="product">
            <column name="id">47</column>
            <column name="pname">GAMING HP KEYBOARD</column>
            <column name="price">1200</column>
            <column name="quantity">4</column>
            <column name="detail">HP K500F Backlit Membrane Wired Gaming Keyboard with Mixed Color Lighting, Metal Panel with Logo Lighting, 26 Anti-Ghosting Keys, and Windows Lock Key</column>
            <column name="imgurl">6297-O-q-71f+Iz89ozL._SX679_.jpg</column>
            <column name="status">1</column>
        </table>
        <!-- Table seller -->
        <table name="seller">
            <column name="id">6</column>
            <column name="fname">HARSH</column>
            <column name="mname">H.</column>
            <column name="lname">JOLAPARA</column>
            <column name="birthdate">2021-01-01</column>
            <column name="gender">MALE</column>
            <column name="mo1">8128203856</column>
            <column name="password">harsh@1703</column>
            <column name="email">harshj0107@gmail.com</column>
            <column name="address">address</column>
            <column name="country">india</column>
            <column name="state">gujrat</column>
            <column name="city">rajkot</column>
            <column name="pincode">123456</column>
            <column name="image">2113-G-s-Superman_46.jpeg</column>
            <column name="status">1</column>
        </table>
        <table name="seller">
            <column name="id">2</column>
            <column name="fname">harsh</column>
            <column name="mname">hasmukhbhai</column>
            <column name="lname">JOLAPARA</column>
            <column name="birthdate">2021-01-01</column>
            <column name="gender">MALE</column>
            <column name="mo1">9426638056</column>
            <column name="password">harsh@1703</column>
            <column name="email">hsssjolapara@gmail.com</column>
            <column name="address">address</column>
            <column name="country">India</column>
            <column name="state">gujrat</column>
            <column name="city">rajkot</column>
            <column name="pincode">360004</column>
            <column name="image">3288-L-z-378546.jpg</column>
            <column name="status">0</column>
        </table>
        <table name="seller">
            <column name="id">3</column>
            <column name="fname">harsh</column>
            <column name="mname">h.</column>
            <column name="lname">jolapara</column>
            <column name="birthdate">2021-01-01</column>
            <column name="gender">MALE</column>
            <column name="mo1">5546646464</column>
            <column name="password">harsh@1703</column>
            <column name="email">harshj07@gmail.com</column>
            <column name="address">address</column>
            <column name="country">india</column>
            <column name="state">gujrat</column>
            <column name="city">rajkot</column>
            <column name="pincode">5465465</column>
            <column name="image">5511-R-j-Ironman Pool_1581.jpeg</column>
            <column name="status">1</column>
        </table>
    </database>
</pma_xml_export>